{
  "Toyota": 146666.6666666667,
  "LADA (ВАЗ)": 73333.33333333333,
  "Renault": 184300,
  "Suzuki": 110000,
  "Daewoo": 160000,
  "Citroen": 186666.6666666667,
  "Opel": 185000,
  "Volkswagen": 155000,
  "Mazda": 186666.6666666667,
  "Geely": 216666.6666666667,
  "Hyundai": 232666.6666666667,
  "Alfa Romeo": 139999,
  "Москвич": 35000,
  "Hafei": 133333.33333333334,
  "Ford": 100000,
  "Chery": 198333.33333333334,
  "Mitsubishi": 215666.33333333334,
  "Kia": 129000,
  "Rover": 203666.6666666667,
  "Peugeot": 247000,
  "Skoda": 95000,
  "Audi": 70000,
  "Nissan": 70000,
  "Fiat": 183333.33333333334,
  "Volvo": 146666.6666666667,
  "Saab": 230000,
  "Chevrolet": 159966.6666666667,
  "Subaru": 108000,
  "ЗАЗ": 179000,
  "Doninvest": 120000,
  "Iran Khodro": 110000,
  "Dodge": 130000,
  "Vortex": 161666.66666666666,
  "Haima": 230000,
  "Honda": 196666.66666666666,
  "Lifan": 188333.33333333334,
  "SEAT": 78000,
  "Mercedes-Benz": 193333.33333333334,
  "BYD": 140000,
  "Chrysler": 200000,
  "FAW": 130000,
  "Brilliance": 193333.33333333334,
  "Daihatsu": 249900,
  "Great Wall": 150000,
  "Oldsmobile": 150000,
  "Jaguar": 237000
}